{"cameraMode":{"drawMode":0,"name":"Shaded","section":"Shading Mode"},"sceneLighting":false,"audioPlay":false,"sceneViewState":{"m_AlwaysRefresh":false,"showFog":true,"showSkybox":false,"showFlares":true,"showImageEffects":true,"showParticleSystems":true,"showVisualEffectGraphs":true,"m_FxEnabled":false},"in2DMode":false,"pivot":{"x":13.463006019592286,"y":8.616670608520508,"z":30.72612762451172},"rotation":{"x":-0.17840592563152314,"y":-0.20149607956409455,"z":0.037372931838035586,"w":-0.9623361229896545},"size":30.730545043945314,"orthographic":false}